Keyword,KD,Volume,Category,CTR Title,Meta Description,Content Strategy,Internal Links,Snippet Target,SERP Analysis,AI Overview,Top Competitors,People Also Ask,Intent,Opportunity Score,Strategic Insight
"sales AI API",55,1200,Pillar: Developer Tooling,"We Built a Sales AI API With 15 Endpoints — Here's What Every One Does","REST endpoints for qualifying leads, writing outreach, researching prospects, and more. BYOK. No vendor markup. See what you can build in 10 minutes.","2500-word product-led guide covering all 15 endpoints with code snippets per endpoint. BYOK model explained, code in 3 languages, async job flow diagram. Differentiate: competitors cover tools not APIs — lean into the developer-first angle hard.","Link to /docs/quickstart, /docs/api-reference, /product, /pricing","Featured snippet: 'What endpoints does a sales AI API have?' — bulleted list of 15 skills","SERP shows Seamless.AI API, Instantly.ai, Relevance AI, Reply.io. All UI-first tools, not pure APIs. Zero dev-first content. Major gap.","AI Overview covers general sales AI tools. No API-first BYOK products mentioned. Prime citation opportunity.","Instantly.ai, Seamless.AI, Reply.io, Relevance AI, Apollo","What is a sales AI API? | How do I add AI to my sales workflow? | Is there an API for lead qualification? | What does a sales AI endpoint return? | How much does a sales AI API cost?",Informational/Commercial,9,"Own this keyword — zero pure API-first content exists. Write the definitive developer guide."
"BYOK AI tool",42,900,Pillar: BYOK & Cost Control,"BYOK AI Tools: Why Developers Are Ditching Vendor-Billed Subscriptions in 2026","Tired of vendors marking up your AI costs? BYOK tools let you plug in your own API key and pay providers directly. Here's how it works and the best tools using this model.","1800-word explainer: what BYOK means, why it matters for cost control, how it works technically (key storage encryption forwarding), top tools using BYOK by category. Sales AI as primary example with code snippet. Aim for featured snippet on definition.","Link to /security (AES-256-GCM), /pricing (BYOK model), homepage","Featured snippet: 'What is a BYOK AI tool?' — 2-sentence definition","SERP shows Medium articles, BYOKList, Warp docs, Rilna.net. Mix of listicles and tool docs. No authoritative explainer. Content is thin across the board.","AI Overview present with brief definition — cites 2 sources. Opportunity to become the primary cited source.","BYOKList.com, Rilna.net, Medium/jomasego, Warp docs, Kinde","What does BYOK mean in AI? | Is BYOK cheaper than vendor billing? | How do I connect my own API key? | What AI tools support BYOK? | Is my API key safe with BYOK tools?",Informational,8,"Clean gap — no authoritative brand owns this topic. First comprehensive explainer gets citations."
"AI lead qualification API",38,720,Pillar: Developer Tooling,"I Replaced Our Lead Scoring System With a Single API Call. Here's the Response.","One POST request to /sales/qualify returns a score, tier, reasoning, and next action. Here's exactly how to build AI lead scoring into any CRM or automation in 15 minutes.","1500-word tutorial: step-by-step guide using /sales/qualify with real request/response. Covers: payload structure, integration into n8n/Zapier/direct CRM webhook. Python and TypeScript snippets. Strong SEO anchor via 'lead qualification AI' + 'API'.","Link to /docs/api-reference (qualify endpoint), /docs/quickstart, /product","Featured snippet: 'How do I add AI lead qualification to my CRM?' — 5-step answer","SERP shows Lindy.ai, Relevance AI, Reply.io, Landbot, MindStudio — all no-code or agent platforms. Zero raw API tutorial content. Clean gap.","AI Overview covers general lead qualification. No API-first approach mentioned. Huge gap.","Lindy.ai, Relevance AI, Reply.io, Lead Qualification AI, MindStudio","How do I automate lead qualification with AI? | What API should I use for lead scoring? | How do I qualify leads with Anthropic Claude? | What is BANT qualification? | Can I build lead qualification without a SaaS tool?",Informational/Transactional,9,"No developer tutorial exists for raw API-based lead qualification. Own it with code."
"bring your own key LLM SaaS",35,480,Pillar: BYOK & Cost Control,"How to Build a BYOK SaaS on Top of an LLM — The Complete Architecture Guide","Building a SaaS that lets users bring their Anthropic or OpenAI key? Here's the full architecture: key storage, encryption, workspace isolation, cost separation, and billing strategy.","2200-word technical architecture piece. Covers: why BYOK wins on pricing psychology, AES-256-GCM key storage, RLS in Supabase, separating platform billing from LLM costs. Sales AI used as live example throughout.","Link to /security, /pricing, /docs/oauth","Featured snippet: 'How do I implement BYOK in a SaaS product?' — numbered architecture steps","SERP shows Kinde blog, IronCore Labs, Cloudflare AI Gateway, Auth0 — all enterprise encryption key management not LLM-specific. Gap: no LLM-specific BYOK SaaS architecture guide.","No AI Overview. Open field.",Kinde.com + IronCore Labs + Auth0 + Vercel BYOK docs,"How do I implement BYOK in my SaaS? | How do I store API keys securely? | What encryption should I use for API keys? | How do I separate LLM costs from platform billing? | Is BYOK pricing better for SaaS?",Informational,8,"Strong developer audience seeking this exact content. No one has written it for LLM SaaS specifically."
"add AI to sales workflow developer",48,1400,Pillar: Sales Automation (Developer),"How to Add AI to Your Sales Workflow Without Building a Single LLM Pipeline","Most teams spend 3 months building what takes 3 hours with the right API. Here's the exact workflow — research, qualify, outreach — wired together with live code.","2000-word tutorial showing a complete end-to-end AI sales workflow using Sales AI endpoints. Covers: prospect → research → qualify → outreach → followup. Each step shows the API call. Includes n8n and direct HTTP integration. Targets developers AND RevOps.","Link to /product (all endpoints), /docs/quickstart, /docs/api-reference","Featured snippet: 'How do I add AI to my sales process?' — 5-step answer","SERP shows HubSpot blog, Make.com, Morgan Kotter, Aalpha.net, Persana AI — all no-code or CRM-native. Zero developer-first API-based workflow guide. Major gap.","AI Overview present with no-code focus. Zero mention of custom API approaches.","HubSpot, Make.com, Persana AI, Aalpha.net, Relevance AI","How do I automate my sales workflow with AI? | What's the best AI tool for sales teams? | Can I integrate AI into my CRM myself? | How do I use Claude for sales? | What does an AI sales workflow look like?",Informational,8,"Tutorial gap for developer audience. All existing content targets non-technical users."
"Anthropic API sales use case",32,560,Pillar: Developer Tooling,"5 Sales Tasks You Can Automate With the Anthropic API (With Working Code)","Most developers use Claude for chat. Here are 5 production sales automations — lead research, outreach copy, objection handling, ICP scoring, proposal generation — with real API calls.","1600-word how-to post for developers already using Anthropic who want sales-specific use cases. Each section covers one task with a curl/Python snippet using /sales/* endpoints. Positions Sales AI as the structured layer on top of raw Anthropic.","Link to /docs/api-reference (all endpoints), /docs/quickstart","Featured snippet: 'What can I use the Anthropic API for in sales?' — bulleted list of 5 use cases","SERP shows Anthropic/Salesforce press, n8n workflow templates, HubSpot + Claude Make.com integrations, MindStudio — mostly enterprise or no-code. Zero experienced-dev perspective.","AI Overview present with generic Claude capabilities. No sales-specific structured content.","Anthropic.com, MindStudio, n8n, Make.com, HubSpot","How do I use Claude for sales? | Is Claude better than GPT-4 for sales? | How do I control Claude API costs? | How do I build a sales agent with Claude? | Can Claude qualify leads?",Informational,8,"Targets developers already sold on Anthropic. Low-friction conversion to Sales AI."
"sales prospecting API async",45,680,Pillar: Developer Tooling,"How to Run AI Sales Prospecting as an Async Background Job (No More Timeouts)","Prospect discovery takes time. Here's how to run it async — submit a job, get an ID, poll for results or configure a webhook. Full Python and TypeScript code inside.","1800-word developer tutorial on the async prospecting pattern: why synchronous prospecting fails at scale, how job queues work, full implementation using /sales/prospect with polling loop and webhook setup.","Link to /docs/api-reference (prospect + jobs endpoints), /product (async engine section)","Featured snippet: 'How do I run async sales prospecting with an API?' — step-by-step","SERP shows Seamless.AI, Apollo, lemlist, Snov.io, GitHub repos — all SaaS tools, no pure API async tutorial. Clean gap.","No AI Overview. Clean SERP.","Seamless.AI, Apollo, lemlist, Snov.io, GitHub/kaymen99","How do I automate prospecting with AI? | What's the best API for prospect discovery? | How do I avoid timeout errors in sales automation? | How does async job polling work? | Can I get webhooks for prospect results?",Informational/Transactional,9,"Nobody has written the async prospecting API tutorial. Clean gap with high purchase intent."
"AI outreach email API",40,820,Pillar: Developer Tooling,"Generate Personalized Outreach Emails With One API Call (Not Another SaaS Dashboard)","Skip the 47-step onboarding. POST a prospect profile to /sales/outreach, get a subject line and body back in under 2 seconds. Here's how to wire it into your stack.","1400-word tutorial on /sales/outreach: what input it takes, what it returns, how to integrate into HubSpot workflow, Instantly sequence trigger, or custom app. Includes email/LinkedIn/SMS channel variants. Targets developers and tech-savvy RevOps.","Link to /docs/api-reference (outreach + followup), /product","Featured snippet: 'How do I generate personalized outreach emails with an API?'","SERP shows Reply.io, Lemlist, Instantly, Apollo — all full SaaS tools. Saleshandy API docs. No tutorial for a minimal API-first outreach approach. Gap.","AI Overview covers outreach automation tools. No API-first approach mentioned.","Reply.io, Instantly, Lemlist, Apollo, Saleshandy","How do I automate personalized email outreach? | What's the best API for sales email generation? | Can AI write outreach emails for me? | How do I integrate AI outreach into HubSpot? | What makes outreach email personalized?",Informational/Transactional,8,"High commercial intent keyword. Tutorial with real code converts developers to sign-ups."
"Clay Apollo alternative developers",50,940,Pillar: Competitive,"You Don't Need Apollo or Clay If You Can Make an HTTP Request","Apollo gives you a database. Clay gives you a spreadsheet. Neither gives you an API. Here's what a developer-first alternative looks like — and why it costs less at scale.","2000-word comparison targeting developers frustrated with Clay's credit model and Apollo's per-seat pricing. Framework: what you lose with SaaS tools (no API, per-seat lock-in, credit markups), what you gain with API-first BYOK. Transparent cost comparison at scale.","Link to /pricing, /product, /docs/quickstart, homepage","Featured snippet: 'What is the best Clay alternative for developers?'","SERP shows Clay alternative listicles (Empler AI, factors.ai, RevenueFlow), n8n comparisons — mostly tool-vs-tool. Zero developer-first alternative positioning.","AI Overview comparing Clay vs Apollo vs n8n. No API-first option mentioned. Gap.","Empler.ai, n8nlab.io, factors.ai, RevenueFlow, GoCustomer","Why is Clay so expensive? | What is a BYOK alternative to Apollo? | Can I build my own sales enrichment tool? | What's cheaper than Clay at scale? | Is n8n better than Clay?",Commercial,7,"Strong commercial intent. People frustrated with credit markups are exactly Sales AI's ICP."
"implement async polling REST API",38,590,Cluster: Developer Education,"Stop Losing Long-Running API Jobs to Timeouts: The Complete Async Polling Pattern","Your server times out after 30 seconds. Your LLM call takes 45. Here's the complete pattern: submit a job, get an ID, poll for results, handle failures. Python + TypeScript code.","1600-word developer education post covering: why synchronous long-running calls fail, the submit → poll → webhook pattern, exponential backoff polling, dead-letter queue handling. Uses Sales AI /sales/prospect as real-world example.","Link to /docs/api-reference (jobs section), /docs/quickstart","Featured snippet: 'How do I implement async job polling in an API?'","SERP shows Python asyncio.Queue docs, FastAPI background tasks, TestDriven.io, RQ docs — low-level library content. No practical REST API tutorial for the polling pattern.","No AI Overview. Clean SERP.","Python docs, FastAPI.tiangolo.com, TestDriven.io, python-rq.org, SAQ GitHub","How do I poll for async job results? | What is the difference between sync and async API calls? | How do I handle long-running background tasks? | What is a dead-letter queue? | How do I implement job cancellation in an API?",Informational,8,"Developer education with no direct competitor. Positions Sales AI as engineering-quality product."
"AES-256-GCM API key storage",30,390,Cluster: Security,"How to Store User API Keys Safely: AES-256-GCM Encryption in Production","Storing an Anthropic or OpenAI key for a user? One mistake and it's a breach. Here's the exact pattern — envelope encryption, AES-256-GCM, in-memory-only decryption — with Python and Node code.","1500-word developer security guide: why bcrypt/hashing isn't enough, AES-256-GCM encryption pattern, key rotation, in-memory-only decryption, Supabase RLS to isolate keys per tenant. Sales AI's own architecture used as example.","Link to /security, /docs/oauth","Featured snippet: 'How do I encrypt user API keys in a database?'","SERP shows IronCore Labs, Auth0, Cloudflare docs — mostly enterprise key management. No practical developer tutorial.","No AI Overview. Gap.","IronCore Labs, Auth0, Cloudflare, Vercel BYOK docs","How do I store API keys securely in a database? | Should I hash or encrypt API keys? | What is AES-256-GCM? | How do I implement BYOK key storage? | How do I do per-tenant key encryption?",Informational,9,"High-intent developer audience. Excellent trust-building content that links directly to /security."
"sales proposal generator API",36,460,Pillar: Developer Tooling,"Generate a Full Sales Proposal From a Single JSON Payload","Name the company, describe the problem, outline the solution — get back an executive summary, problem statement, investment section, and next steps in 3 seconds.","1200-word tutorial on /sales/proposal: what input drives quality output, how to pipe CRM data in as context, how to build a proposal automation triggered when a deal moves to Proposal stage in HubSpot/Pipedrive. Webhook + API call example.","Link to /docs/api-reference (proposal endpoint), /product, /docs/quickstart","Featured snippet: 'How do I generate sales proposals automatically?'","SERP shows PandaDoc, Qwilr, Proposify, Better Proposals — all UI-first proposal SaaS. Zero API-first tutorial.","AI Overview not present. Open field.","PandaDoc, Qwilr, Proposify, Better Proposals, Docusign","How do I automate sales proposal generation? | What makes a good sales proposal? | Can AI write proposals for me? | How do I generate proposals from CRM data? | Is there an API for proposal generation?",Informational/Transactional,8,"Clear gap — no API-first proposal tutorial. Converts developers building RevOps automation."
"Supabase RLS multi-tenant SaaS",42,870,Cluster: Developer Education,"Multi-Tenant SaaS Data Isolation With Supabase RLS: A Production Pattern","One leaked query exposes every tenant's data. Here's how row-level security in Supabase prevents that — with real SQL policies, testing patterns, and the schema we use in production.","2000-word technical deep-dive: what RLS does (and doesn't), org-scoped policies, testing patterns to ensure isolation, combining RLS with encrypted per-tenant secrets. Sales AI's architecture used as real example throughout.","Link to /security, /docs/oauth","Featured snippet: 'How do I implement multi-tenant data isolation with Supabase?'","SERP shows Supabase docs, Supabase team blog posts, Stack Overflow, Medium — mostly introductory. Gap: no production-grade multi-tenant pattern with tested examples.","No AI Overview. Gap.","Supabase docs, Supabase blog, Medium, Stack Overflow","How does Supabase RLS work? | How do I isolate data per tenant in Supabase? | What is row-level security? | How do I test RLS policies? | Can RLS be bypassed?",Informational,8,"Technically specific — attracts exactly the dev profile Sales AI wants to convert."
"Claude API sales automation",38,710,Pillar: Developer Tooling,"Building Production Sales Automation With the Claude API: What Nobody Tells You","Everyone shows you the hello-world. Here's what you learn after 10,000 sales API calls — structured outputs, prompt stability, token cost control, and why BYOK changes the economics.","1700-word experienced-developer post: why raw API calls need structure, how a BYOK layer reduces total cost vs vendor-billed tools, real cost comparison at scale, practical prompt patterns for sales endpoints.","Link to /docs/api-reference, /pricing, /security, /docs/quickstart","Featured snippet: 'How do I use Claude API for sales automation?'","SERP shows Anthropic/Salesforce press, n8n workflow templates, HubSpot + Claude Make.com, MindStudio — mostly enterprise or no-code. Zero experienced-dev perspective.","AI Overview citing Anthropic + Salesforce partnership. Rank for developer-specific version.","Anthropic.com, MindStudio, n8n, Make.com, HubSpot","How do I use Claude for sales? | Is Claude better than GPT-4 for sales? | How do I control Claude API costs? | How do I build a sales agent with Claude? | What's the best Claude model for sales tasks?",Informational,7,"Targets developers already committed to Anthropic. Converts naturally to Sales AI."
"sales intelligence API definition",52,1100,Pillar: Developer Tooling,"What Is a Sales Intelligence API? (And Why Most Teams Are Using the Wrong Kind)","Sales intelligence APIs come in two flavors: data APIs (contact databases) and skill APIs (structured AI reasoning). Here's the difference — and why your team probably needs both.","1800-word explainer: the two types of sales intelligence APIs, how they complement each other, when to use each, and how Sales AI's skill endpoints fit alongside data providers like Apollo or Seamless. Positions Sales AI as AI reasoning layer not a data provider.","Link to /product (full endpoint list), /docs/api-reference, /pricing","Featured snippet: 'What is a sales intelligence API?'","SERP shows Seamless.AI, MarketsAndMarkets, Apollo, ZoomInfo — all data-provider centric. No content framing the AI reasoning layer separately.","AI Overview present covering general definition — cites Seamless.AI. Opportunity to get cited with a more nuanced two-category definition.","Seamless.AI, Apollo, ZoomInfo, MarketsAndMarkets, Reply.io","What is sales intelligence? | How do I use a sales intelligence API? | What's the difference between data enrichment and sales AI? | How do I connect sales intelligence to my CRM? | Is Apollo an AI API?",Informational/Commercial,7,"Framing play — position Sales AI as complementary to data providers, not competing with them."
"ICP scoring API automation",33,340,Cluster: Specific Endpoints,"Score Any Lead Against Your ICP in One API Call — No ML Training Required","Stop rebuilding your ICP scoring logic in every tool. POST a lead and your ICP definition to /sales/icp — get back a fit score, matching criteria, gaps, and recommendation in seconds.","1300-word tutorial on /sales/icp: how to write an ICP definition that produces reliable scores, how to use scoring in a lead enrichment workflow, how to combine with /sales/qualify for two-layer qualification. Python code included.","Link to /docs/api-reference (icp endpoint), /product","Featured snippet: 'How do I automate ICP scoring with an API?'","SERP shows LeadQualificationAI.com, Lindy.ai, Relevance AI — all tool-based, no API tutorial. Clean gap.","No AI Overview. Clean.","LeadQualificationAI.com, Lindy.ai, Relevance AI, reply.io","What is ICP scoring? | How do I automate ICP analysis? | Can AI score leads against my ICP? | What data do I need for ICP scoring? | How do I define my ideal customer profile?",Informational/Transactional,8,"Low competition, high purchase intent from RevOps and founders building automation."
"async webhook delivery API",30,290,Cluster: Specific Endpoints,"How to Set Up Webhooks for Long-Running Sales Jobs (Stop Polling Every 3 Seconds)","Polling is fine to start. Webhooks are better at scale. Here's how to configure webhook delivery for async sales jobs — signature verification, retry logic, and failure handling.","1200-word developer guide: how to configure a webhook URL, payload structure, X-Sales-AI-Signature verification, handling retries on failed delivery, building a simple webhook receiver in FastAPI.","Link to /docs/api-reference (webhooks section), /docs/quickstart","Featured snippet: 'How do I use webhooks for async API job completion?'","SERP shows Stripe webhook docs, Twilio, generic webhook explainers — no sales-specific webhook tutorial.","No AI Overview.","Stripe docs, Twilio, generic webhook tutorials","How do webhook deliveries work? | How do I verify webhook signatures? | What happens if a webhook fails? | How is polling different from webhooks? | Can I configure webhooks for background jobs?",Informational,8,"High-value long-tail tutorial. Developer audience deeply engaged = high sign-up conversion."
"add AI to HubSpot API direct",44,920,Cluster: Integrations,"How to Wire Sales AI Endpoints Into HubSpot Workflows (Without a Zapier Middle Layer)","Trigger /sales/qualify when a deal is created. Fire /sales/outreach when a contact is added. Here's how to connect Sales AI directly to HubSpot using native webhooks — no automation platform needed.","1700-word integration tutorial: HubSpot webhook → Sales AI API call → result written back to CRM. Covers deal stage triggers, contact enrollment, using CRM data as API payload context.","Link to /docs/api-reference, /docs/quickstart, /docs/oauth","Featured snippet: 'How do I add AI to HubSpot using an API?'","SERP shows Make.com HubSpot + Claude, HubSpot blog, Vantage Point, Albato — all middleware or no-code. No direct API integration tutorial. Gap.","AI Overview covers HubSpot + Claude via Make.com. No native API tutorial.","Make.com, HubSpot blog, Vantage Point, Albato, n8n","How do I integrate AI into HubSpot? | Can I call an external API from HubSpot workflows? | How do I qualify HubSpot leads with AI? | What is the HubSpot webhook payload? | How do I write API results back to HubSpot?",Informational,8,"Masses of HubSpot users actively searching for this. Clean developer tutorial wins it."
"sales competitor battle card API",28,310,Cluster: Specific Endpoints,"Build a Live Competitive Battle Card Generator With One API Call","Feed a competitor name and deal context to /sales/competitors. Get back their strengths, weaknesses, your differentiators, and a ready-to-use battle card. Here's how to automate it.","1100-word tutorial on /sales/competitors: how to use competitor intel at deal time, how to automate a competitive trigger (fires when a competitor is mentioned in a CRM note), storing battle cards per competitor for rep access. Python snippet.","Link to /docs/api-reference (competitors endpoint), /product","Featured snippet: 'How do I automate competitive intelligence with an API?'","SERP shows Klue, Crayon, Highspot — all enterprise competitive intelligence platforms. Zero API tutorial. Gap.","No AI Overview.","Klue, Crayon, Highspot, Battlecards.io","How do I automate competitive intelligence? | What is a sales battle card? | Can AI generate competitive analysis? | How do I track competitors in my CRM? | What data does competitive analysis need?",Informational,9,"Klue/Crayon are expensive enterprise tools. Developer audience wants API-level access."
"AI sales tool real cost LLM markup",32,420,Pillar: BYOK & Cost Control,"The Hidden Cost of AI Sales Tools: Why Your Vendor Is Taking a Cut of Every LLM Call","That 'unlimited AI' plan? Someone's paying for those tokens. Here's how vendor-billed AI tools mark up LLM costs, how to calculate your real per-call cost, and how BYOK eliminates the markup entirely.","1500-word thought leadership piece: how vendors structure token pricing, real cost comparison between vendor-billed tools and BYOK, cost per lead enrichment calculation, breakeven analysis. Shareable by RevOps and founders.","Link to /pricing, homepage, /product","Featured snippet: 'How much do AI sales tools actually cost per call?'","SERP shows general AI tool cost content, SaaS pricing articles — no LLM-specific markup analysis. Clean gap.","No AI Overview. Open field.","Generic SaaS pricing blogs, Kinde BYOK pricing article","How much does an AI sales tool cost? | Are AI sales tools worth it? | What is BYOK pricing? | How do I calculate cost per lead with AI? | Is it cheaper to build or buy sales AI?",Informational,8,"Shareable analysis piece. RevOps audience shares this — developer audience converts."
